DATE,DCOILWTICO
2015/9/8,45.92
2015/9/9,44.13
2015/9/10,45.85
2015/9/11,44.75
2015/9/14,44.07
2015/9/15,44.58
2015/9/16,47.12
2015/9/17,46.93
2015/9/18,44.71
2015/9/21,46.67
2015/9/22,46.17
2015/9/23,44.53
2015/9/24,44.94
2015/9/25,45.55
2015/9/28,44.4
2015/9/29,45.24
2015/9/30,45.06
2015/10/1,44.75
2015/10/2,45.54
2015/10/5,46.28
2015/10/6,48.53
2015/10/7,47.86
2015/10/8,49.46
2015/10/9,49.67
2015/10/12,47.09
2015/10/13,46.7
2015/10/14,46.63
2015/10/15,46.38
2015/10/16,47.3
2015/10/19,45.91
2015/10/20,45.84
2015/10/21,45.22
2015/10/22,44.9
2015/10/23,43.91
2015/10/26,43.19
2015/10/27,43.21
2015/10/28,45.93
2015/10/29,46.02
2015/10/30,46.6
2015/11/2,46.12
2015/11/3,47.88
2015/11/4,46.32
2015/11/5,45.27
2015/11/6,44.32
2015/11/9,43.87
2015/11/10,44.23
2015/11/11,42.95
2015/11/12,41.74
2015/11/13,40.69
2015/11/16,41.68
2015/11/17,40.73
2015/11/18,40.75
2015/11/19,40.55
2015/11/20,39.39
2015/11/23,39.27
2015/11/24,40.89
2015/11/25,41.22
2015/11/26,.
2015/11/27,40.57
2015/11/30,40.43
2015/12/1,40.58
2015/12/2,39.93
2015/12/3,41.08
2015/12/4,40
2015/12/7,37.64
2015/12/8,37.46
2015/12/9,37.16
2015/12/10,36.76
2015/12/11,35.65
2015/12/14,36.31
2015/12/15,37.32
2015/12/16,35.55
2015/12/17,34.98
2015/12/18,34.72
2015/12/21,34.55
2015/12/22,36.12
2015/12/23,36.76
2015/12/24,37.62
2015/12/25,.
2015/12/28,36.36
2015/12/29,37.88
2015/12/30,36.59
2015/12/31,37.13
2016/1/1,.
2016/1/4,36.81
2016/1/5,35.97
2016/1/6,33.97
2016/1/7,33.29
2016/1/8,33.2
2016/1/11,31.42
2016/1/12,30.42
2016/1/13,30.42
2016/1/14,31.22
2016/1/15,29.45
2016/1/18,.
2016/1/19,28.47
2016/1/20,26.68
2016/1/21,29.55
2016/1/22,32.07
2016/1/25,30.31
2016/1/26,29.54
2016/1/27,32.32
2016/1/28,33.21
2016/1/29,33.66
2016/2/1,31.62
2016/2/2,29.9
2016/2/3,32.29
2016/2/4,31.63
2016/2/5,30.86
2016/2/8,29.71
2016/2/9,27.96
2016/2/10,27.54
2016/2/11,26.19
2016/2/12,29.32
2016/2/15,.
2016/2/16,29.05
2016/2/17,30.68
2016/2/18,30.77
2016/2/19,29.59
2016/2/22,31.37
2016/2/23,31.84
2016/2/24,30.35
2016/2/25,31.4
2016/2/26,31.65
2016/2/29,32.74
2016/3/1,34.39
2016/3/2,34.57
2016/3/3,34.56
2016/3/4,35.91
2016/3/7,37.9
2016/3/8,36.67
2016/3/9,37.62
2016/3/10,37.77
2016/3/11,38.51
2016/3/14,37.2
2016/3/15,36.32
2016/3/16,38.43
2016/3/17,40.17
2016/3/18,39.47
2016/3/21,39.91
2016/3/22,41.45
2016/3/23,38.28
2016/3/24,38.14
2016/3/25,.
2016/3/28,37.99
2016/3/29,36.91
2016/3/30,36.91
2016/3/31,36.94
2016/4/1,35.36
2016/4/4,34.3
2016/4/5,34.52
2016/4/6,37.74
2016/4/7,37.3
2016/4/8,39.74
2016/4/11,40.46
2016/4/12,42.12
2016/4/13,41.7
2016/4/14,41.45
2016/4/15,40.4
2016/4/18,39.74
2016/4/19,40.88
2016/4/20,42.72
2016/4/21,43.18
2016/4/22,42.76
2016/4/25,41.67
2016/4/26,42.52
2016/4/27,45.29
2016/4/28,46.03
2016/4/29,45.98
2016/5/2,44.75
2016/5/3,43.65
2016/5/4,43.77
2016/5/5,44.33
2016/5/6,44.58
2016/5/9,43.45
2016/5/10,44.68
2016/5/11,46.21
2016/5/12,46.64
2016/5/13,46.22
2016/5/16,47.72
2016/5/17,48.29
2016/5/18,48.12
2016/5/19,48.16
2016/5/20,47.67
2016/5/23,48.12
2016/5/24,48.04
2016/5/25,49.1
2016/5/26,49
2016/5/27,49.36
2016/5/30,.
2016/5/31,49.1
2016/6/1,49.07
2016/6/2,49.14
2016/6/3,48.69
2016/6/6,49.71
2016/6/7,50.37
2016/6/8,51.23
2016/6/9,50.52
2016/6/10,49.09
2016/6/13,48.89
2016/6/14,48.49
2016/6/15,47.92
2016/6/16,46.14
2016/6/17,48
2016/6/20,49.4
2016/6/21,48.95
2016/6/22,49.16
2016/6/23,49.34
2016/6/24,46.7
2016/6/27,45.8
2016/6/28,47.93
2016/6/29,49.85
2016/6/30,48.27
2016/7/1,49.02
2016/7/4,.
2016/7/5,46.73
2016/7/6,47.37
2016/7/7,45.22
2016/7/8,45.37
2016/7/11,44.73
2016/7/12,46.82
2016/7/13,44.87
2016/7/14,45.64
2016/7/15,45.93
2016/7/18,45.23
2016/7/19,44.64
2016/7/20,44.96
2016/7/21,43.96
2016/7/22,43.41
2016/7/25,42.4
2016/7/26,42.16
2016/7/27,41.9
2016/7/28,41.13
2016/7/29,41.54
2016/8/1,40.05
2016/8/2,39.5
2016/8/3,40.8
2016/8/4,41.92
2016/8/5,41.83
2016/8/8,43.06
2016/8/9,42.78
2016/8/10,41.75
2016/8/11,43.51
2016/8/12,44.47
2016/8/15,45.72
2016/8/16,46.57
2016/8/17,46.81
2016/8/18,48.2
2016/8/19,48.48
2016/8/22,46.8
2016/8/23,47.54
2016/8/24,46.29
2016/8/25,46.97
2016/8/26,47.64
2016/8/29,46.97
2016/8/30,46.32
2016/8/31,44.68
2016/9/1,43.17
2016/9/2,44.39
2016/9/5,.
2016/9/6,44.85
2016/9/7,45.47
2016/9/8,47.63
2016/9/9,45.88
2016/9/12,46.28
2016/9/13,44.91
2016/9/14,43.62
2016/9/15,43.85
2016/9/16,43.04
2016/9/19,43.34
2016/9/20,43.85
2016/9/21,45.33
2016/9/22,46.1
2016/9/23,44.36
2016/9/26,45.6
2016/9/27,44.65
2016/9/28,47.07
2016/9/29,47.72
2016/9/30,47.72
2016/10/3,48.8
2016/10/4,48.67
2016/10/5,49.75
2016/10/6,50.44
2016/10/7,49.76
2016/10/10,49.76
2016/10/11,50.72
2016/10/12,50.14
2016/10/13,50.47
2016/10/14,50.35
2016/10/17,49.97
2016/10/18,50.3
2016/10/19,51.59
2016/10/20,50.31
2016/10/21,50.61
2016/10/24,50.18
2016/10/25,49.45
2016/10/26,48.75
2016/10/27,49.71
2016/10/28,48.72
2016/10/31,46.83
2016/11/1,46.66
2016/11/2,45.32
2016/11/3,44.66
2016/11/4,44.07
2016/11/7,44.88
2016/11/8,44.96
2016/11/9,45.2
2016/11/10,44.62
2016/11/11,43.39
2016/11/14,43.29
2016/11/15,45.86
2016/11/16,45.56
2016/11/17,45.37
2016/11/18,45.69
2016/11/21,47.48
2016/11/22,48.07
2016/11/23,46.72
2016/11/24,.
2016/11/25,46.72
2016/11/28,45.66
2016/11/29,45.29
2016/11/30,49.41
2016/12/1,51.08
2016/12/2,51.7
2016/12/5,51.72
2016/12/6,50.95
2016/12/7,49.85
2016/12/8,50.84
2016/12/9,51.51
2016/12/12,52.74
2016/12/13,52.99
2016/12/14,51.01
2016/12/15,50.9
2016/12/16,51.93
2016/12/19,52.13
2016/12/20,52.22
2016/12/21,51.44
2016/12/22,51.98
2016/12/23,52.01
2016/12/26,.
2016/12/27,52.82
2016/12/28,54.01
2016/12/29,53.8
2016/12/30,53.75
2017/1/2,.
2017/1/3,52.36
2017/1/4,53.26
2017/1/5,53.77
2017/1/6,53.98
2017/1/9,51.95
2017/1/10,50.82
2017/1/11,52.19
2017/1/12,53.01
2017/1/13,52.36
2017/1/16,.
2017/1/17,52.45
2017/1/18,51.12
2017/1/19,51.39
2017/1/20,52.33
2017/1/23,52.77
2017/1/24,52.38
2017/1/25,52.14
2017/1/26,53.24
2017/1/27,53.18
2017/1/30,52.63
2017/1/31,52.75
2017/2/1,53.9
2017/2/2,53.55
2017/2/3,53.81
2017/2/6,53.01
2017/2/7,52.19
2017/2/8,52.37
2017/2/9,52.99
2017/2/10,53.84
2017/2/13,52.96
2017/2/14,53.21
2017/2/15,53.11
2017/2/16,53.41
2017/2/17,53.41
2017/2/20,.
2017/2/21,54.02
2017/2/22,53.61
2017/2/23,54.48
2017/2/24,53.99
2017/2/27,54.04
2017/2/28,54
2017/3/1,53.82
2017/3/2,52.63
2017/3/3,53.33
2017/3/6,53.19
2017/3/7,52.68
2017/3/8,49.83
2017/3/9,48.75
2017/3/10,48.05
2017/3/13,47.95
2017/3/14,47.24
2017/3/15,48.34
2017/3/16,48.3
2017/3/17,48.34
2017/3/20,47.79
2017/3/21,47.02
2017/3/22,47.29
2017/3/23,47
2017/3/24,47.3
2017/3/27,47.02
2017/3/28,48.36
2017/3/29,49.47
2017/3/30,50.3
2017/3/31,50.54
2017/4/3,50.25
2017/4/4,50.99
2017/4/5,51.14
2017/4/6,51.69
2017/4/7,52.25
2017/4/10,53.06
2017/4/11,53.38
2017/4/12,53.12
2017/4/13,53.19
2017/4/14,.
2017/4/17,52.62
2017/4/18,52.46
2017/4/19,50.49
2017/4/20,50.26
2017/4/21,49.64
2017/4/24,48.9
2017/4/25,49.22
2017/4/26,49.22
2017/4/27,48.96
2017/4/28,49.31
2017/5/1,48.83
2017/5/2,47.65
2017/5/3,47.79
2017/5/4,45.55
2017/5/5,46.23
2017/5/8,46.46
2017/5/9,45.84
2017/5/10,47.28
2017/5/11,47.81
2017/5/12,47.83
2017/5/15,48.86
2017/5/16,48.64
2017/5/17,49.04
2017/5/18,49.36
2017/5/19,50.32
2017/5/22,50.81
2017/5/23,51.12
2017/5/24,50.99
2017/5/25,48.57
2017/5/26,49.58
2017/5/29,.
2017/5/30,49.63
2017/5/31,48.29
2017/6/1,48.32
2017/6/2,47.68
2017/6/5,47.4
2017/6/6,48.13
2017/6/7,45.8
2017/6/8,45.68
2017/6/9,45.82
2017/6/12,46.1
2017/6/13,46.41
2017/6/14,44.79
2017/6/15,44.47
2017/6/16,44.73
2017/6/19,44.24
2017/6/20,43.34
2017/6/21,42.48
2017/6/22,42.53
2017/6/23,42.86
2017/6/26,43.24
2017/6/27,44.25
2017/6/28,44.74
2017/6/29,44.88
2017/6/30,46.02
2017/7/3,.
2017/7/4,.
2017/7/5,45.11
2017/7/6,45.52
2017/7/7,44.25
2017/7/10,44.4
2017/7/11,45.06
2017/7/12,45.48
2017/7/13,46.06
2017/7/14,46.53
2017/7/17,46.02
2017/7/18,46.4
2017/7/19,47.1
2017/7/20,46.73
2017/7/21,45.78
2017/7/24,46.21
2017/7/25,47.77
2017/7/26,48.58
2017/7/27,49.05
2017/7/28,49.72
2017/7/31,50.21
2017/8/1,49.19
2017/8/2,49.6
2017/8/3,49.03
2017/8/4,49.57
2017/8/7,49.37
2017/8/8,49.07
2017/8/9,49.59
2017/8/10,48.54
2017/8/11,48.81
2017/8/14,47.59
2017/8/15,47.57
2017/8/16,46.8
2017/8/17,47.07
2017/8/18,48.59
2017/8/21,47.39
2017/8/22,47.65
2017/8/23,48.45
2017/8/24,47.24
2017/8/25,47.65
2017/8/28,46.4
2017/8/29,46.46
2017/8/30,45.96
2017/8/31,47.26
2017/9/1,47.32
2017/9/4,.
2017/9/5,48.63
2017/9/6,49.13
2017/9/7,49.1
2017/9/8,47.44
2017/9/11,48.06
2017/9/12,48.21
2017/9/13,49.3
2017/9/14,49.86
2017/9/15,49.9
2017/9/18,49.88
2017/9/19,49.54
2017/9/20,50.29
2017/9/21,50.58
2017/9/22,50.33
2017/9/25,51.85
2017/9/26,51.59
2017/9/27,52.14
2017/9/28,51.62
2017/9/29,51.67
2017/10/2,50.59
2017/10/3,50.44
2017/10/4,50
2017/10/5,50.79
2017/10/6,49.34
2017/10/9,49.58
2017/10/10,50.93
2017/10/11,51.3
2017/10/12,50.61
2017/10/13,51.43
2017/10/16,51.86
2017/10/17,51.87
2017/10/18,52.05
2017/10/19,51.29
2017/10/20,51.63
2017/10/23,51.91
2017/10/24,52.32
2017/10/25,51.97
2017/10/26,52.41
2017/10/27,53.92
2017/10/30,54.11
2017/10/31,54.36
2017/11/1,54.32
2017/11/2,54.55
2017/11/3,55.63
2017/11/6,57.34
2017/11/7,57.19
2017/11/8,56.82
2017/11/9,57.16
2017/11/10,56.75
2017/11/13,56.77
2017/11/14,55.67
2017/11/15,55.28
2017/11/16,55.14
2017/11/17,56.21
2017/11/20,56.21
2017/11/21,56.84
2017/11/22,57.88
2017/11/23,.
2017/11/24,58.94
2017/11/27,58.1
2017/11/28,57.96
2017/11/29,57.25
2017/11/30,57.4
2017/12/1,58.35
2017/12/4,57.48
2017/12/5,57.66
2017/12/6,55.79
2017/12/7,56.5
2017/12/8,57.15
2017/12/11,57.84
2017/12/12,57.12
2017/12/13,56.59
2017/12/14,57
2017/12/15,57.29
2017/12/18,57.17
2017/12/19,57.49
2017/12/20,58.09
2017/12/21,58.34
2017/12/22,58.25
2017/12/25,.
2017/12/26,59.55
2017/12/27,59.67
2017/12/28,59.84
2017/12/29,60.46
2018/1/1,.
2018/1/2,60.37
2018/1/3,61.61
2018/1/4,61.98
2018/1/5,61.49
2018/1/8,61.73
2018/1/9,62.92
2018/1/10,63.6
2018/1/11,63.81
2018/1/12,64.22
2018/1/15,.
2018/1/16,63.82
2018/1/17,63.92
2018/1/18,63.96
2018/1/19,63.38
2018/1/22,63.66
2018/1/23,64.45
2018/1/24,65.69
2018/1/25,65.62
2018/1/26,66.27
2018/1/29,65.71
2018/1/30,64.64
2018/1/31,64.82
2018/2/1,65.92
2018/2/2,65.5
2018/2/5,64.18
2018/2/6,63.48
2018/2/7,61.91
2018/2/8,61.3
2018/2/9,59.2
2018/2/12,59.41
2018/2/13,59.33
2018/2/14,60.7
2018/2/15,61.48
2018/2/16,61.89
2018/2/19,.
2018/2/20,61.91
2018/2/21,61.73
2018/2/22,62.72
2018/2/23,63.52
2018/2/26,63.81
2018/2/27,62.94
2018/2/28,61.43
2018/3/1,60.98
2018/3/2,61.19
2018/3/5,62.49
2018/3/6,62.54
2018/3/7,61.09
2018/3/8,60.13
2018/3/9,62.02
2018/3/12,61.35
2018/3/13,60.69
2018/3/14,60.89
2018/3/15,61.16
2018/3/16,62.29
2018/3/19,62.01
2018/3/20,63.37
2018/3/21,65.1
2018/3/22,64.25
2018/3/23,65.8
2018/3/26,65.49
2018/3/27,65.21
2018/3/28,64.3
2018/3/29,64.87
2018/3/30,.
2018/4/2,63.05
2018/4/3,63.41
2018/4/4,63.35
2018/4/5,63.53
2018/4/6,62.03
2018/4/9,63.4
2018/4/10,65.48
2018/4/11,66.81
2018/4/12,67.07
2018/4/13,67.35
2018/4/16,66.23
2018/4/17,66.5
2018/4/18,68.44
2018/4/19,68.3
2018/4/20,68.26
2018/4/23,67.61
2018/4/24,67.66
2018/4/25,68
2018/4/26,68.18
2018/4/27,68.11
2018/4/30,68.56
2018/5/1,67.28
2018/5/2,67.91
2018/5/3,68.45
2018/5/4,69.71
2018/5/7,70.74
2018/5/8,68.83
2018/5/9,71.16
2018/5/10,71.36
2018/5/11,70.69
2018/5/14,71.01
2018/5/15,71.34
2018/5/16,71.43
2018/5/17,71.47
2018/5/18,71.23
2018/5/21,72.26
2018/5/22,72.09
2018/5/23,71.85
2018/5/24,70.77
2018/5/25,67.92
2018/5/28,.
2018/5/29,66.8
2018/5/30,68.24
2018/5/31,66.98
2018/6/1,65.81
2018/6/4,64.76
2018/6/5,65.51
2018/6/6,64.75
2018/6/7,65.96
2018/6/8,65.77
2018/6/11,66.1
2018/6/12,66.38
2018/6/13,66.63
2018/6/14,66.91
2018/6/15,65.01
2018/6/18,65.91
2018/6/19,65.09
2018/6/20,65.92
2018/6/21,65.68
2018/6/22,69.02
2018/6/25,69.91
2018/6/26,75.23
2018/6/27,77.41
2018/6/28,73.45
2018/6/29,74.13
2018/7/2,73.89
2018/7/3,74.19
2018/7/4,.
2018/7/5,73.05
2018/7/6,73.78
2018/7/9,73.93
2018/7/10,74.11
2018/7/11,70.47
2018/7/12,70.28
2018/7/13,71.03
2018/7/16,68.22
2018/7/17,68.03
2018/7/18,68.78
2018/7/19,69.42
2018/7/20,70.31
2018/7/23,67.9
2018/7/24,70.77
2018/7/25,71.13
2018/7/26,71.59
2018/7/27,68.66
2018/7/30,71.19
2018/7/31,69.88
2018/8/1,68.8
2018/8/2,68.95
2018/8/3,68.49
2018/8/6,69.01
2018/8/7,69.17
2018/8/8,66.92
2018/8/9,66.81
2018/8/10,67.61
2018/8/13,67.25
2018/8/14,67.04
2018/8/15,65.07
2018/8/16,65.44
2018/8/17,65.93
2018/8/20,66.5
2018/8/21,67.32
2018/8/22,67.85
2018/8/23,69.13
2018/8/24,69.71
2018/8/27,69.97
2018/8/28,68.54
2018/8/29,69.68
2018/8/30,70.25
2018/8/31,69.84
2018/9/3,.
2018/9/4,69.82
2018/9/5,68.69
2018/9/6,67.81
2018/9/7,67.73
2018/9/10,67.55
2018/9/11,69.29
2018/9/12,70.37
2018/9/13,68.6
2018/9/14,68.98
2018/9/17,68.86
2018/9/18,69.87
2018/9/19,71.08
2018/9/20,70.77
2018/9/21,70.8
2018/9/24,73.23
2018/9/25,73.4
2018/9/26,72.22
2018/9/27,72.18
2018/9/28,73.16
2018/10/1,75.37
2018/10/2,75.16
2018/10/3,76.4
2018/10/4,74.44
2018/10/5,74.26
2018/10/8,74.27
2018/10/9,74.95
2018/10/10,73.18
2018/10/11,70.97
2018/10/12,71.41
2018/10/15,71.84
2018/10/16,71.93
2018/10/17,69.63
2018/10/18,68.63
2018/10/19,69.16
2018/10/22,69.25
2018/10/23,66.49
2018/10/24,66.56
2018/10/25,67.25
2018/10/26,67.58
2018/10/29,67
2018/10/30,66.18
2018/10/31,65.31
2018/11/1,63.67
2018/11/2,63.12
2018/11/5,63.12
2018/11/6,62.16
2018/11/7,61.69
2018/11/8,60.71
2018/11/9,60.19
2018/11/12,59.85
2018/11/13,55.63
2018/11/14,56.16
2018/11/15,56.45
2018/11/16,56.49
2018/11/19,57.16
2018/11/20,53.39
2018/11/21,54.41
2018/11/22,.
2018/11/23,.
2018/11/26,51.46
2018/11/27,51.31
2018/11/28,50.06
2018/11/29,51.46
2018/11/30,50.78
2018/12/3,52.98
2018/12/4,53.21
2018/12/5,52.64
2018/12/6,51.54
2018/12/7,52.76
2018/12/10,51.07
2018/12/11,51.65
2018/12/12,51.04
2018/12/13,52.69
2018/12/14,51.26
2018/12/17,49.8
2018/12/18,46.12
2018/12/19,47.96
2018/12/20,45.64
2018/12/21,45.38
2018/12/24,.
2018/12/25,.
2018/12/26,46.04
2018/12/27,44.48
2018/12/28,45.15
2018/12/31,.
2019/1/1,.
2019/1/2,46.31
2019/1/3,46.92
2019/1/4,47.76
2019/1/7,48.27
2019/1/8,49.58
2019/1/9,52.19
2019/1/10,52.42
2019/1/11,51.44
2019/1/14,50.31
2019/1/15,51.8
2019/1/16,52.08
2019/1/17,51.83
2019/1/18,53.6
2019/1/21,.
2019/1/22,52.59
2019/1/23,52.44
2019/1/24,52.94
2019/1/25,53.53
2019/1/28,51.79
2019/1/29,53.07
2019/1/30,54.18
2019/1/31,53.84
2019/2/1,55.29
2019/2/4,54.57
2019/2/5,53.69
2019/2/6,53.94
2019/2/7,52.68
2019/2/8,52.75
2019/2/11,52.43
2019/2/12,53.14
2019/2/13,53.84
2019/2/14,54.4
2019/2/15,55.58
2019/2/18,.
2019/2/19,56.12
2019/2/20,56.9
2019/2/21,56.95
2019/2/22,57.01
2019/2/25,55.32
2019/2/26,55.4
2019/2/27,56.92
2019/2/28,57.21
2019/3/1,55.76
2019/3/4,56.6
2019/3/5,56.55
2019/3/6,56.22
2019/3/7,56.6
2019/3/8,55.77
2019/3/11,56.79
2019/3/12,56.89
2019/3/13,58.27
2019/3/14,58.59
2019/3/15,58.51
2019/3/18,59.09
2019/3/19,59.12
2019/3/20,60.12
2019/3/21,59.98
2019/3/22,58.87
2019/3/25,58.71
2019/3/26,59.87
2019/3/27,59.39
2019/3/28,59.29
2019/3/29,60.19
2019/4/1,61.59
2019/4/2,62.53
2019/4/3,62.46
2019/4/4,62.12
2019/4/5,63.1
2019/4/8,64.37
2019/4/9,64.05
2019/4/10,64.62
2019/4/11,63.61
2019/4/12,63.86
2019/4/15,63.43
2019/4/16,64.01
2019/4/17,63.74
2019/4/18,64.02
2019/4/19,.
2019/4/22,65.66
2019/4/23,66.24
2019/4/24,65.96
2019/4/25,65.23
2019/4/26,63.29
2019/4/29,63.39
2019/4/30,63.83
2019/5/1,63.55
2019/5/2,61.75
2019/5/3,61.98
2019/5/6,62.3
2019/5/7,61.41
2019/5/8,62.13
2019/5/9,61.58
2019/5/10,61.65
2019/5/13,60.97
2019/5/14,61.82
2019/5/15,62.03
2019/5/16,62.93
2019/5/17,62.77
2019/5/20,63.12
2019/5/21,63.02
2019/5/22,61.42
2019/5/23,57.65
2019/5/24,58.4
2019/5/27,.
2019/5/28,58.91
2019/5/29,58.84
2019/5/30,56.47
2019/5/31,53.49
2019/6/3,53.25
2019/6/4,53.5
2019/6/5,51.57
2019/6/6,52.59
2019/6/7,53.95
2019/6/10,53.33
2019/6/11,53.3
2019/6/12,51.13
2019/6/13,52.38
2019/6/14,52.47
2019/6/17,51.94
2019/6/18,53.86
2019/6/19,53.74
2019/6/20,56.88
2019/6/21,57.35
2019/6/24,57.73
2019/6/25,57.63
2019/6/26,59.17
2019/6/27,59.18
2019/6/28,58.2
2019/7/1,58.91
2019/7/2,56
2019/7/3,57.06
2019/7/4,.
2019/7/5,.
2019/7/8,57.35
2019/7/9,57.57
2019/7/10,60.28
2019/7/11,59.93
2019/7/12,59.99
2019/7/15,59.3
2019/7/16,57.44
2019/7/17,56.5
2019/7/18,55.08
2019/7/19,55.42
2019/7/22,55.87
2019/7/23,56.58
2019/7/24,55.9
2019/7/25,55.88
2019/7/26,56.04
2019/7/29,56.85
2019/7/30,58.04
2019/7/31,58.53
2019/8/1,53.64
2019/8/2,55.67
2019/8/5,54.63
2019/8/6,53.6
2019/8/7,51.14
2019/8/8,52.6
2019/8/9,54.41
2019/8/12,54.98
2019/8/13,57.05
2019/8/14,55.16
2019/8/15,54.51
2019/8/16,54.83
2019/8/19,56.24
2019/8/20,56.18
2019/8/21,55.65
2019/8/22,55.33
2019/8/23,54.08
2019/8/26,53.54
2019/8/27,54.99
2019/8/28,55.76
2019/8/29,56.67
2019/8/30,55.07
2019/9/2,.
2019/9/3,53.91
2019/9/4,56.22
2019/9/5,56.33
2019/9/6,56.45
2019/9/9,57.88
2019/9/10,57.37
2019/9/11,55.66
2019/9/12,55.13
2019/9/13,54.76
2019/9/16,63.1
2019/9/17,59.26
2019/9/18,58.19
2019/9/19,58.19
2019/9/20,57.92
2019/9/23,58.69
2019/9/24,57.22
2019/9/25,56.38
2019/9/26,56.24
2019/9/27,55.95
2019/9/30,54.09
2019/10/1,53.6
2019/10/2,52.67
2019/10/3,52.41
2019/10/4,52.84
2019/10/7,52.76
2019/10/8,52.64
2019/10/9,52.63
2019/10/10,53.57
2019/10/11,54.76
2019/10/14,53.57
2019/10/15,52.81
2019/10/16,53.42
2019/10/17,53.89
2019/10/18,53.75
2019/10/21,53.28
2019/10/22,54.21
2019/10/23,55.9
2019/10/24,56.11
2019/10/25,56.52
2019/10/28,55.6
2019/10/29,55.34
2019/10/30,54.85
2019/10/31,54.02
2019/11/1,56.04
2019/11/4,56.33
2019/11/5,57.04
2019/11/6,56.15
2019/11/7,56.91
2019/11/8,57.02
2019/11/11,.
2019/11/12,56.67
2019/11/13,56.88
2019/11/14,56.57
2019/11/15,57.54
2019/11/18,56.82
2019/11/19,54.93
2019/11/20,56.71
2019/11/21,58.36
2019/11/22,57.68
2019/11/25,57.79
2019/11/26,58.25
2019/11/27,58.12
2019/11/28,.
2019/11/29,58.12
2019/12/2,55.97
2019/12/3,56.15
2019/12/4,58.46
2019/12/5,58.42
2019/12/6,59.2
2019/12/9,58.99
2019/12/10,59.22
2019/12/11,58.74
2019/12/12,59.18
2019/12/13,60.11
2019/12/16,60.21
2019/12/17,60.88
2019/12/18,60.93
2019/12/19,61.3
2019/12/20,60.43
2019/12/23,60.51
2019/12/24,61.17
2019/12/25,.
2019/12/26,61.72
2019/12/27,61.76
2019/12/30,61.66
2019/12/31,61.14
2020/1/1,.
2020/1/2,61.17
2020/1/3,63
2020/1/6,63.27
2020/1/7,62.7
2020/1/8,59.65
2020/1/9,59.56
2020/1/10,59.02
2020/1/13,58.17
2020/1/14,58.34
2020/1/15,57.86
2020/1/16,58.52
2020/1/17,58.55
2020/1/20,.
2020/1/21,58.25
2020/1/22,56.76
2020/1/23,55.51
2020/1/24,54.09
2020/1/27,53.09
2020/1/28,53.33
2020/1/29,53.29
2020/1/30,52.19
2020/1/31,51.58
2020/2/3,50.06
2020/2/4,49.59
2020/2/5,50.87
2020/2/6,50.94
2020/2/7,50.34
2020/2/10,49.59
2020/2/11,50
2020/2/12,51.13
2020/2/13,51.41
2020/2/14,52.03
2020/2/17,.
2020/2/18,52.1
2020/2/19,53.31
2020/2/20,53.77
2020/2/21,53.36
2020/2/24,51.36
2020/2/25,49.78
2020/2/26,48.67
2020/2/27,47.17
2020/2/28,44.83
2020/3/2,46.78
2020/3/3,47.27
2020/3/4,46.78
2020/3/5,45.9
2020/3/6,41.14
2020/3/9,31.05
2020/3/10,34.47
2020/3/11,33.13
2020/3/12,31.56
2020/3/13,31.72
2020/3/16,28.96
2020/3/17,26.96
2020/3/18,20.48
2020/3/19,25.09
2020/3/20,19.48
2020/3/23,23.33
2020/3/24,21.03
2020/3/25,20.75
2020/3/26,16.6
2020/3/27,15.48
2020/3/30,14.1
2020/3/31,20.51
2020/4/1,20.28
2020/4/2,25.18
2020/4/3,28.36
2020/4/6,26.21
2020/4/7,23.54
2020/4/8,24.97
2020/4/9,22.9
2020/4/10,.
2020/4/13,22.36
2020/4/14,20.15
2020/4/15,19.96
2020/4/16,19.82
2020/4/17,18.31
2020/4/20,-36.98
2020/4/21,8.91
2020/4/22,13.64
2020/4/23,15.06
2020/4/24,15.99
2020/4/27,12.17
2020/4/28,12.4
2020/4/29,15.04
2020/4/30,19.23
2020/5/1,19.72
2020/5/4,20.47
2020/5/5,24.56
2020/5/6,23.88
2020/5/7,23.68
2020/5/8,24.73
2020/5/11,24.02
2020/5/12,25.76
2020/5/13,25.37
2020/5/14,27.4
2020/5/15,29.44
2020/5/18,31.83
2020/5/19,32.3
2020/5/20,33.56
2020/5/21,34.3
2020/5/22,33.49
2020/5/25,.
2020/5/26,34.7
2020/5/27,32.8
2020/5/28,33.67
2020/5/29,35.57
2020/6/1,35.49
2020/6/2,36.88
2020/6/3,37.33
2020/6/4,37.42
2020/6/5,39.49
2020/6/8,38.17
2020/6/9,38.98
2020/6/10,39.54
2020/6/11,36.43
2020/6/12,36.24
2020/6/15,37.07
2020/6/16,38.26
2020/6/17,37.91
2020/6/18,38.79
2020/6/19,39.72
2020/6/22,40.6
2020/6/23,40.4
2020/6/24,37.91
2020/6/25,38.66
2020/6/26,38.53
2020/6/29,39.67
2020/6/30,39.27
2020/7/1,39.88
2020/7/2,40.57
2020/7/3,.
2020/7/6,40.51
2020/7/7,40.59
2020/7/8,40.91
2020/7/9,39.64
2020/7/10,40.56
2020/7/13,40.06
2020/7/14,40.3
2020/7/15,41.2
2020/7/16,40.74
2020/7/17,40.55
2020/7/20,40.83
2020/7/21,41.76
2020/7/22,41.88
2020/7/23,40.99
2020/7/24,41.23
2020/7/27,41.46
2020/7/28,40.89
2020/7/29,41.13
2020/7/30,39.85
2020/7/31,40.1
2020/8/3,40.83
2020/8/4,41.67
2020/8/5,42.25
2020/8/6,41.93
2020/8/7,41.16
2020/8/10,41.94
2020/8/11,41.53
2020/8/12,42.6
2020/8/13,42.26
2020/8/14,42.05
2020/8/17,42.89
2020/8/18,42.89
2020/8/19,42.91
2020/8/20,42.62
2020/8/21,42.32
2020/8/24,42.44
2020/8/25,43.17
2020/8/26,43.21
2020/8/27,42.88
2020/8/28,42.96
2020/8/31,42.61
2020/9/1,42.76
2020/9/2,42.76
2020/9/3,41.39
2020/9/4,39.69
2020/9/7,.
2020/9/8,36.87
